player_name,school,conference,position,height,height_inches,weight,class,season_year,games,minutes,minutes_pct,ppg,defensive_rating,offensive_rating,usage_rate,ts_pct,three_pt_pct,three_pt_attempt_rate,ft_pct,off_rebound_rate,def_rebound_rate,assist_rate,turnover_rate,steal_rate,block_rate,bpm,vorp,previous_bpm,conf_strength,conf_strength_from,conf_strength_to,conf_upgrade,future_bpm,future_impact_score,transfer_success,public_transfer_rank
Cooper Flagg,Duke,ACC,PF,6-9,81,210.0,Fr,2025,37.0,1077.4,72.8,19.1622,92.0,123.0,30.8,0.5926,0.385,0.3,0.84,5.5,21.2,26.8,13.5,5.99488,5.98197,14.9399,4.35,14.9399,0.97,0.97,1.0,0.03,0.0,50.0,0,1
Johni Broome,Auburn,SEC,PF,6-10,82,267.0,Sr,2025,36.0,1028.2,71.4,18.5833,93.7,118.5,30.6,0.547,0.278,0.3,0.587,14.1,26.0,19.5,9.9,5.71244,5.37198,12.9066,3.58,12.9066,0.99,0.99,1.0,0.01,0.0,50.0,0,2
Yaxel Lendeborg,UAB,Amer,PF,6-9,81,228.0,Sr,2025,36.0,1212.5,84.2,17.6757,95.1,123.7,25.6,0.5916,0.362,0.3,0.757,11.6,25.1,22.9,14.2,5.02724,4.83498,11.1166,3.64,11.1166,0.79,0.79,1.0,0.21,0.0,50.0,0,3
Ryan Kalkbrenner,Creighton,BE,C,7-1,85,278.0,Sr,2025,35.0,1163.4,83.1,19.2,95.1,129.2,22.3,0.6843,0.344,0.3,0.681,8.8,18.4,10.0,11.2,6.09645,4.83042,11.1014,3.49,11.1014,0.88,0.88,1.0,0.12,0.0,50.0,0,4
Collin Murray-Boyles,South Carolina,SEC,WI,6-8,80,228.0,So,2025,32.0,971.5,75.9,16.8125,95.1,115.8,27.0,0.6295000000000001,0.265,0.3,0.707,8.8,23.8,21.1,17.6,4.51921,4.82622,11.0874,2.91,11.0874,0.99,0.99,1.0,0.01,0.0,50.0,0,5
Oscar Cluff,South Dakota St.,Sum,PF,6-11,83,204.0,Sr,2025,28.0,761.6,68.0,17.6,95.4,129.7,28.8,0.6659,0.65,0.3,0.778,17.2,32.2,21.6,15.8,5.04182,4.7208000000000006,10.736,2.21,10.736,0.6,0.6,1.0,0.4,0.0,50.0,0,6
Graham Ike,Gonzaga,WCC,PF,6-9,81,216.0,Sr,2025,35.0,792.4,56.6,17.2857,95.4,125.1,30.3,0.6557999999999999,0.394,0.3,0.805,10.8,24.8,12.5,13.2,4.45188,4.719720000000001,10.7324,2.3,10.7324,0.82,0.82,1.0,0.18,0.0,50.0,0,7
Emanuel Sharp,Houston,B12,G,6-3,75,210.0,Jr,2025,37.0,920.6,62.2,12.6486,95.5,126.9,20.2,0.6039,0.407,0.3,0.868,2.2,10.8,5.9,9.7,4.38693,4.696949999999999,10.6565,2.65,10.6565,0.98,0.98,1.0,0.02,0.0,50.0,0,8
JT Toppin,Texas Tech,B12,PF,6-9,81,205.0,So,2025,33.0,788.0,59.7,18.2424,95.5,120.0,30.4,0.5918,0.327,0.3,0.676,14.0,26.1,10.1,11.0,5.10374,4.68816,10.6272,2.26,10.6272,0.98,0.98,1.0,0.02,0.0,50.0,0,9
Patrick Ngongba,Duke,ACC,C,6-11,83,210.0,Fr,2025,30.0,242.4,20.2,3.8667,95.6,140.0,15.5,0.728,0.0,0.3,0.727,12.1,16.7,12.6,8.6,2.12054,4.64091,10.4697,0.69,10.4697,0.97,0.97,1.0,0.03,0.0,50.0,0,10
Caleb Grill,Missouri,SEC,WI,6-3,75,210.0,Sr,2025,29.0,646.1,55.7,13.7241,95.7,132.1,19.6,0.6557,0.396,0.3,0.864,3.5,12.7,8.3,10.3,4.34802,4.62819,10.4273,1.82,10.4273,0.99,0.99,1.0,0.01,0.0,50.0,0,11
Joshua Jefferson,Iowa St.,B12,WI,6-8,80,147.0,Jr,2025,35.0,1022.0,73.0,12.9714,95.8,114.4,23.5,0.5972,0.31,0.3,0.756,8.1,21.7,19.6,19.5,3.63655,4.592639999999999,10.3088,2.84,10.3088,0.98,0.98,1.0,0.02,0.0,50.0,0,12
Nique Clifford,Colorado St.,MWC,WI,6-6,78,148.0,Sr,2025,36.0,1261.4,87.6,18.9167,95.8,116.6,27.9,0.6026,0.377,0.3,0.777,5.4,26.0,26.8,15.8,5.14452,4.58691,10.2897,3.5,10.2897,0.75,0.75,1.0,0.25,0.0,50.0,0,13
LJ Cryer,Houston,B12,G,6-1,73,210.0,Sr,2025,40.0,1286.4,80.4,15.725,95.8,123.9,22.3,0.5709000000000001,0.424,0.3,0.895,1.5,7.4,12.2,9.5,5.25983,4.5848700000000004,10.2829,3.57,10.2829,0.98,0.98,1.0,0.02,0.0,50.0,0,14
Aday Mara,UCLA,B10,C,7-3,87,210.0,So,2025,33.0,418.4,31.7,6.3939,95.8,117.1,25.9,0.5936,0.0,0.3,0.577,16.9,21.7,16.7,15.2,1.90639,4.57536,10.2512,1.16,10.2512,1.0,1.0,1.0,0.0,0.0,50.0,0,15
Micah Handlogten,Florida,SEC,C,7-1,85,210.0,Jr,2025,16.0,84.5,13.2,2.625,95.9,140.0,11.8,0.6136,0.0,0.3,0.4,18.0,21.5,13.2,11.3,2.19128,4.5517199999999995,10.1724,0.23,10.1724,0.99,0.99,1.0,0.01,0.0,50.0,0,16
Nate Bittle,Oregon,B10,PF,7-0,84,141.0,Sr,2025,35.0,960.4,68.6,14.1714,95.9,118.2,24.3,0.598,0.336,0.3,0.811,8.2,23.0,14.4,13.9,4.0296,4.538729999999999,10.1291,2.63,10.1291,1.0,1.0,1.0,0.0,0.0,50.0,0,17
Dylan Cardwell,Auburn,SEC,C,6-11,83,108.0,Sr,2025,38.0,770.6,50.7,5.0263,95.9,133.7,13.5,0.6271,0.5,0.3,0.4,14.1,14.0,12.7,11.7,2.92507,4.53705,10.1235,2.11,10.1235,0.99,0.99,1.0,0.01,0.0,50.0,0,18
Maliq Brown,Duke,ACC,WI,6-9,81,210.0,Jr,2025,26.0,273.5,26.3,2.4615,95.9,121.4,12.3,0.6584,0.333,0.3,0.4,12.5,14.2,14.8,28.8,1.37864,4.53519,10.1173,0.75,10.1173,0.97,0.97,1.0,0.03,0.0,50.0,0,19
Mouhamed Dioubate,Alabama,SEC,PF,6-7,79,117.0,So,2025,37.0,587.6,39.7,7.2432,95.9,123.2,20.0,0.6514,0.462,0.3,0.609,13.0,23.9,11.8,17.8,2.37328,4.51917,10.0639,1.6,10.0639,0.99,0.99,1.0,0.01,0.0,50.0,0,20
Jase Richardson,Michigan St.,B10,G,6-3,75,210.0,Fr,2025,36.0,885.6,61.5,12.1389,96.0,128.3,19.4,0.6244,0.412,0.3,0.836,3.0,11.4,14.4,9.9,3.94979,4.50849,10.0283,2.4,10.0283,1.0,1.0,1.0,0.0,0.0,50.0,0,21
V.J. Edgecombe,Baylor,B12,WI,6-5,77,126.0,Fr,2025,32.0,975.4,76.2,15.0,96.0,115.8,24.4,0.5543,0.336,0.3,0.779,7.1,13.6,19.0,15.0,4.8182,4.491681,9.97227,2.63,9.97227,0.98,0.98,1.0,0.02,0.0,50.0,0,22
John Tonje,Wisconsin,B10,WI,6-5,77,137.0,Sr,2025,37.0,1147.0,77.5,19.5676,96.0,123.8,26.8,0.6468,0.388,0.3,0.909,3.0,15.6,11.9,12.9,5.55237,4.489095,9.96365,3.09,9.96365,1.0,1.0,1.0,0.0,0.0,50.0,0,23
Bennett Stirtz,Drake,MVC,PG,6-4,76,147.0,Jr,2025,33.0,1304.2,98.8,19.2286,96.0,126.4,26.1,0.6043,0.396,0.3,0.793,2.2,14.0,34.0,13.1,6.36103,4.487169,9.95723,3.51,9.95723,0.68,0.68,1.0,0.32,0.0,50.0,0,24
Walter Clayton Jr.,Florida,SEC,PG,6-3,75,129.0,Sr,2025,39.0,1238.6,79.4,18.2821,96.1,122.2,24.8,0.6018,0.386,0.3,0.875,1.2,10.3,23.2,16.9,5.39028,4.453794,9.84598,3.29,9.84598,0.99,0.99,1.0,0.01,0.0,50.0,0,25
Thomas Haugh,Florida,SEC,PF,6-9,81,109.0,So,2025,40.0,974.4,60.9,9.75,96.2,133.1,18.5,0.6238,0.34,0.3,0.794,10.7,15.8,14.2,13.2,4.11582,4.439634,9.79878,2.58,9.79878,0.99,0.99,1.0,0.01,0.0,50.0,0,26
Richie Saunders,BYU,B12,WI,6-5,77,132.0,Jr,2025,35.0,985.6,70.4,16.5429,96.3,128.7,22.2,0.6511,0.432,0.3,0.835,5.7,12.0,10.5,11.7,5.09044,4.399026,9.66342,2.57,9.66342,0.98,0.98,1.0,0.02,0.0,50.0,0,27
Javon Small,West Virginia,B12,PG,6-2,74,111.0,Sr,2025,32.0,1137.9,88.9,18.5938,96.3,113.0,28.7,0.5756,0.353,0.3,0.88,1.5,11.6,35.1,16.1,5.36855,4.3953,9.651,2.97,9.651,0.98,0.98,1.0,0.02,0.0,50.0,0,28
Chris Manon,Vanderbilt,SEC,WI,6-5,77,210.0,Sr,2025,33.0,598.0,45.3,6.5758,96.3,124.0,17.7,0.622,0.235,0.3,0.783,8.8,15.0,12.3,15.1,2.28755,4.3821449999999995,9.60715,1.55,9.60715,0.99,0.99,1.0,0.01,0.0,50.0,0,29
Ja'Kobi Gillespie,Maryland,B10,PG,6-1,73,210.0,Jr,2025,36.0,1131.8,78.6,14.6667,96.4,121.6,22.6,0.5978,0.407,0.3,0.862,2.0,7.9,27.3,15.1,4.47362,4.365881999999999,9.55294,2.92,9.55294,1.0,1.0,1.0,0.0,0.0,50.0,0,30
Aniwaniwa Tait-Jones,UC San Diego,BW,WI,6-6,78,262.0,Sr,2025,33.0,1008.5,76.4,19.1429,96.4,124.9,30.5,0.6468,0.304,0.3,0.757,5.6,15.7,26.2,13.4,5.29398,4.356906,9.52302,2.59,9.52302,0.65,0.65,1.0,0.35,0.0,50.0,0,31
Tomislav Ivisic,Illinois,B10,PF,7-1,85,210.0,So,2025,32.0,779.5,60.9,12.9688,96.4,120.8,21.4,0.5972999999999999,0.357,0.3,0.75,7.4,22.2,15.8,15.4,3.78982,4.356906,9.52302,2.0,9.52302,1.0,1.0,1.0,0.0,0.0,50.0,0,32
Kon Knueppel,Duke,ACC,WI,6-7,79,122.0,Fr,2025,39.0,1188.7,76.2,14.4359,96.4,130.7,20.9,0.6415000000000001,0.406,0.3,0.914,4.3,10.3,15.7,12.9,5.17603,4.338111,9.46037,3.04,9.46037,0.97,0.97,1.0,0.03,0.0,50.0,0,33
Alex Condon,Florida,SEC,PF,6-11,83,155.0,So,2025,37.0,854.0,57.7,10.5676,96.5,118.4,22.2,0.5518,0.328,0.3,0.604,12.5,19.3,15.0,14.1,3.403,4.329423,9.43141,2.17,9.43141,0.99,0.99,1.0,0.01,0.0,50.0,0,34
Braden Smith,Purdue,B10,PU,6-0,72,210.0,Jr,2025,36.0,1333.4,92.6,15.75,96.5,116.1,26.6,0.5477000000000001,0.381,0.3,0.833,1.4,13.5,44.1,18.6,5.70431,4.317767999999999,9.39256,3.38,9.39256,1.0,1.0,1.0,0.0,0.0,50.0,0,35
Kam Jones,Marquette,BE,PG,6-4,76,245.0,Sr,2025,34.0,1141.0,83.9,19.2059,96.6,118.1,29.2,0.5508,0.311,0.3,0.648,2.1,13.6,38.1,11.1,5.66673,4.286166,9.28722,2.86,9.28722,0.88,0.88,1.0,0.12,0.0,50.0,0,36
Jorge Diaz Graham,Pittsburgh,ACC,WI,6-11,83,210.0,Jr,2025,29.0,187.9,16.2,3.069,96.6,140.0,15.1,0.7223999999999999,0.476,0.3,0.813,5.7,8.6,5.6,5.7,1.26563,4.264908,9.21636,0.47,9.21636,0.97,0.97,1.0,0.03,0.0,50.0,0,37
Mylik Wilson,Houston,B12,WI,6-3,75,210.0,Sr,2025,40.0,689.6,43.1,5.6,96.7,107.9,20.2,0.4854,0.359,0.3,0.71,7.4,20.1,15.0,14.9,1.5831,4.244187,9.14729,1.7,9.14729,0.98,0.98,1.0,0.02,0.0,50.0,0,38
Chad Baker-Mazara,Auburn,SEC,WI,6-7,79,210.0,Sr,2025,38.0,969.8,63.8,12.3158,96.7,122.4,22.0,0.6036,0.381,0.3,0.888,2.4,10.6,18.0,14.4,4.03135,4.226385,9.08795,2.38,9.08795,0.99,0.99,1.0,0.01,0.0,50.0,0,39
Adou Thiero,Arkansas,SEC,WI,6-6,78,128.0,Jr,2025,27.0,553.0,51.2,15.0741,96.7,116.1,25.9,0.6053999999999999,0.256,0.3,0.686,7.7,15.9,14.0,13.6,3.88475,4.223376,9.07792,1.36,9.07792,0.99,0.99,1.0,0.01,0.0,50.0,0,40
Clifford Omoruyi,Alabama,SEC,C,6-11,83,145.0,Sr,2025,37.0,704.5,47.6,7.8919,96.8,140.0,15.0,0.7403,0.0,0.3,0.725,11.0,22.7,7.4,13.8,3.38081,4.217981999999999,9.05994,1.72,9.05994,0.99,0.99,1.0,0.01,0.0,50.0,0,41
Nolan Winter,Wisconsin,B10,PF,7-0,84,107.0,So,2025,37.0,777.0,52.5,9.4054,96.8,132.0,19.2,0.664,0.358,0.3,0.769,9.8,21.2,9.9,11.0,3.48099,4.20993,9.0331,1.9,9.0331,1.0,1.0,1.0,0.0,0.0,50.0,0,42
Max Shulga,VCU,A10,G,6-5,77,210.0,Sr,2025,34.0,1131.5,83.2,15.0286,96.8,125.6,22.5,0.5935,0.387,0.3,0.782,5.8,14.1,23.2,13.9,4.79528,4.187625000000001,8.95875,2.74,8.95875,0.77,0.77,1.0,0.23,0.0,50.0,0,43
Vladislav Goldin,Michigan,B10,C,7-1,85,231.0,Sr,2025,37.0,1012.3,68.4,16.6216,96.9,117.4,26.1,0.6542,0.333,0.3,0.731,10.3,17.4,8.5,18.3,4.35956,4.163772,8.87924,2.43,8.87924,1.0,1.0,1.0,0.0,0.0,50.0,0,44
Hunter Dickinson,Kansas,B12,PF,7-2,86,174.0,Sr,2025,34.0,1014.6,74.6,17.4118,96.9,111.4,28.3,0.5710000000000001,0.276,0.3,0.748,10.7,25.1,14.4,14.8,4.33878,4.1537880000000005,8.84596,2.42,8.84596,0.98,0.98,1.0,0.02,0.0,50.0,0,45
Kadary Richmond,St. John's,BE,PG,6-6,78,188.0,Sr,2025,36.0,1147.7,79.7,12.4444,97.0,109.1,21.9,0.5042,0.175,0.3,0.536,4.1,17.0,29.4,15.9,2.90959,4.127673,8.75891,2.71,8.75891,0.88,0.88,1.0,0.12,0.0,50.0,0,46
Bruce Thornton,Ohio St.,B10,PG,6-2,74,210.0,Jr,2025,32.0,1131.5,88.4,17.6875,97.0,130.0,22.0,0.633,0.424,0.3,0.853,1.2,10.0,25.1,10.8,6.32138,4.117058999999999,8.72353,2.67,8.72353,1.0,1.0,1.0,0.0,0.0,50.0,0,47
Khaman Maluach,Duke,ACC,C,7-2,86,156.0,Fr,2025,39.0,828.4,53.1,8.5897,97.1,140.0,16.8,0.736,0.25,0.3,0.766,16.5,19.2,4.3,13.0,3.95976,4.100628,8.66876,1.94,8.66876,0.97,0.97,1.0,0.03,0.0,50.0,0,48
Amari Williams,Kentucky,SEC,C,7-0,84,150.0,Sr,2025,36.0,816.5,56.7,10.8611,97.1,111.0,26.9,0.5871999999999999,0.25,0.3,0.623,10.3,29.7,24.7,20.5,3.04698,4.099299,8.66433,1.91,8.66433,0.99,0.99,1.0,0.01,0.0,50.0,0,49
Miles Byrd,San Diego St.,MWC,WI,6-7,79,210.0,So,2025,30.0,895.2,74.6,12.2667,97.1,107.2,23.0,0.5181,0.301,0.3,0.832,3.5,13.0,18.5,13.7,2.68951,4.0932390000000005,8.64413,2.09,8.64413,0.75,0.75,1.0,0.25,0.0,50.0,0,50
Dylan Faulkner,Lipscomb,ASun,C,6-9,81,210.0,So,2025,13.0,90.5,17.4,10.4667,97.1,117.3,31.1,0.6177,0.0,0.3,0.705,12.2,21.5,24.1,15.8,2.53131,4.089942,8.63314,0.21,8.63314,0.64,0.64,1.0,0.36,0.0,50.0,0,51
Ben Gregg,Gonzaga,WCC,PF,6-10,82,103.0,Sr,2025,35.0,688.8,49.2,9.1143,97.1,135.9,19.0,0.6541,0.271,0.3,0.791,11.5,16.5,10.5,9.0,3.36308,4.073535,8.57845,1.6,8.57845,0.82,0.82,1.0,0.18,0.0,50.0,0,52
Bent Leuchten,UC Irvine,BW,PF,7-0,84,205.0,Sr,2025,38.0,1009.3,66.4,15.359,97.1,124.5,25.5,0.6448999999999999,0.429,0.3,0.817,11.3,25.2,12.5,13.2,3.90875,4.073313,8.57771,2.34,8.57771,0.65,0.65,1.0,0.35,0.0,50.0,0,53
Asa Newell,Georgia,SEC,PF,6-11,83,188.0,Fr,2025,33.0,957.0,72.5,15.4242,97.2,127.8,23.0,0.6115999999999999,0.292,0.3,0.748,14.0,13.5,6.7,9.8,5.08162,4.0635390000000005,8.54513,2.21,8.54513,0.99,0.99,1.0,0.01,0.0,50.0,0,54
Dylan Harper,Rutgers,B10,G,6-6,78,170.0,Fr,2025,29.0,839.8,72.4,19.4483,97.2,115.2,28.8,0.5865,0.333,0.3,0.75,2.6,13.5,27.0,14.8,4.95144,4.062492,8.54164,1.94,8.54164,1.0,1.0,1.0,0.0,0.0,50.0,0,55
Chance McMillian,Texas Tech,B12,WI,6-2,74,210.0,Sr,2025,31.0,838.2,67.6,14.1935,97.2,135.2,16.8,0.6789000000000001,0.433,0.3,0.885,3.5,10.8,10.1,11.2,5.23994,4.0451429999999995,8.48381,1.92,8.48381,0.98,0.98,1.0,0.02,0.0,50.0,0,56
Joseph Tugler,Houston,B12,C,6-8,80,210.0,So,2025,40.0,852.8,53.3,5.45,97.2,114.6,16.6,0.5373,0.273,0.3,0.538,14.5,17.8,7.7,17.0,2.03701,4.034169,8.44723,1.95,8.44723,0.98,0.98,1.0,0.02,0.0,50.0,0,57
Darrion Williams,Texas Tech,B12,WI,6-6,78,124.0,Jr,2025,34.0,923.4,67.9,15.0588,97.2,114.8,26.9,0.5375,0.34,0.3,0.836,6.3,14.8,23.1,14.0,4.28834,4.034013,8.44671,2.11,8.44671,0.98,0.98,1.0,0.02,0.0,50.0,0,58
Tarris Reed Jr.,Connecticut,BE,C,6-10,82,166.0,Jr,2025,35.0,687.4,49.1,9.6286,97.3,126.6,22.8,0.6714,0.0,0.3,0.644,17.5,27.4,10.8,16.4,3.17015,4.030094999999999,8.43365,1.57,8.43365,0.88,0.88,1.0,0.12,0.0,50.0,0,59
Alijah Martin,Florida,SEC,G,6-2,74,132.0,Sr,2025,38.0,1097.4,72.2,14.3684,97.3,121.3,20.6,0.5765,0.35,0.3,0.761,4.5,10.8,12.3,13.1,4.19293,4.029662999999999,8.43221,2.5,8.43221,0.99,0.99,1.0,0.01,0.0,50.0,0,60
Anthony Roy,Green Bay,Horz,G,6-5,77,210.0,Sr,2025,11.0,128.5,29.2,25.7273,97.3,116.8,32.4,0.6790999999999999,0.432,0.3,0.864,2.1,16.6,26.6,14.7,4.96397,4.0245,8.415,0.29,8.415,0.67,0.67,1.0,0.33,0.0,50.0,0,61
Oumar Koureissi,Texas Southern,SWAC,C,6-11,83,210.0,Sr,2025,15.0,75.0,12.5,4.1765,97.3,103.4,22.8,0.5533,0.286,0.3,0.611,8.1,9.3,9.3,16.9,0.50174,4.021761,8.40587,0.17,8.40587,0.55,0.55,1.0,0.45,0.0,50.0,0,62
Tayton Conerway,Troy,SB,PU,6-3,75,224.0,Sr,2025,32.0,992.0,77.5,14.2353,97.3,110.5,27.3,0.5424,0.276,0.3,0.661,7.2,9.8,36.7,20.0,3.15786,4.019124,8.39708,2.25,8.39708,0.65,0.65,1.0,0.35,0.0,50.0,0,63
Zakai Zeigler,Tennessee,SEC,PU,5-9,69,125.0,Sr,2025,37.0,1232.8,83.3,13.6216,97.3,114.8,25.3,0.5599000000000001,0.322,0.3,0.814,1.8,7.9,41.8,21.5,4.64463,4.006575,8.35525,2.78,8.35525,0.99,0.99,1.0,0.01,0.0,50.0,0,64
Alvaro Folgueiras,Robert Morris,Horz,PF,6-9,81,153.0,So,2025,34.0,984.6,72.4,14.1429,97.3,120.4,22.6,0.6433,0.417,0.3,0.779,9.0,26.9,21.9,19.9,3.06169,4.0019279999999995,8.33976,2.22,8.33976,0.67,0.67,1.0,0.33,0.0,50.0,0,65
Will Richard,Florida,SEC,WI,6-4,76,120.0,Sr,2025,40.0,1265.6,79.1,13.275,97.4,124.5,17.4,0.6238,0.359,0.3,0.844,4.0,11.0,9.9,15.9,4.1375,3.9841529999999996,8.28051,2.83,8.28051,0.99,0.99,1.0,0.01,0.0,50.0,0,66
Braden Huff,Gonzaga,WCC,PF,6-10,82,120.0,So,2025,35.0,576.8,41.2,11.0286,97.4,125.3,25.7,0.6025,0.281,0.3,0.702,9.2,13.6,13.0,6.1,2.82207,3.9832710000000002,8.27757,1.29,8.27757,0.82,0.82,1.0,0.18,0.0,50.0,0,67
Zuby Ejiofor,St. John's,BE,PF,6-9,81,215.0,Jr,2025,36.0,1127.5,78.3,14.6667,97.4,125.5,21.1,0.6325999999999999,0.222,0.3,0.708,14.3,12.5,9.1,14.4,4.62767,3.9827039999999996,8.27568,2.52,8.27568,0.88,0.88,1.0,0.12,0.0,50.0,0,68
Henri Veesaar,Arizona,B12,C,7-0,84,133.0,Jr,2025,37.0,765.2,51.7,9.3514,97.4,125.7,20.1,0.6457999999999999,0.327,0.3,0.686,12.2,14.5,11.0,15.4,3.27141,3.982083,8.27361,1.71,8.27361,0.98,0.98,1.0,0.02,0.0,50.0,0,69
Danny Wolf,Michigan,B10,PF,7-0,84,198.0,Jr,2025,37.0,1120.4,75.7,13.2162,97.4,103.5,25.2,0.5593,0.336,0.3,0.594,9.1,25.0,22.8,23.9,2.97767,3.9816599999999998,8.2722,2.5,8.2722,1.0,1.0,1.0,0.0,0.0,50.0,0,70
Brooks Barnhizer,Northwestern,B10,WI,6-6,78,210.0,Sr,2025,17.0,318.9,46.9,17.1176,97.4,101.6,28.0,0.49950000000000006,0.266,0.3,0.764,4.8,24.6,24.0,16.2,3.44688,3.9628200000000002,8.2094,0.71,8.2094,1.0,1.0,1.0,0.0,0.0,50.0,0,71
Chucky Hepburn,Louisville,ACC,PU,6-2,74,103.0,Sr,2025,34.0,1146.5,84.3,16.3824,97.4,115.2,25.5,0.5861,0.328,0.3,0.844,1.8,9.4,31.3,19.7,4.68214,3.957843,8.19281,2.54,8.19281,0.97,0.97,1.0,0.03,0.0,50.0,0,72
Jaxon Kohler,Michigan St.,B10,PF,6-9,81,210.0,Jr,2025,37.0,766.6,51.8,7.8108,97.5,117.7,19.4,0.5956,0.373,0.3,0.821,14.4,25.8,12.0,18.3,2.43115,3.941019,8.13673,1.68,8.13673,1.0,1.0,1.0,0.0,0.0,50.0,0,73
Taelon Peter,Liberty,CUSA,WI,6-4,76,210.0,Sr,2025,32.0,741.1,57.9,5.0,97.5,132.3,20.8,0.7276,0.458,0.3,0.771,1.4,18.3,9.9,8.1,3.66172,3.928869,8.09623,1.62,8.09623,0.62,0.62,1.0,0.38,0.0,50.0,0,74
Julian Reese,Maryland,B10,C,6-9,81,180.0,Sr,2025,36.0,1023.8,71.1,13.2778,97.6,119.9,22.5,0.5986,0.0,0.3,0.734,12.2,23.8,8.0,13.3,3.84795,3.910392,8.03464,2.22,8.03464,1.0,1.0,1.0,0.0,0.0,50.0,0,75
Rafael Castro,George Washington,A10,C,6-11,83,223.0,Jr,2025,33.0,966.2,73.2,14.0294,97.7,125.8,21.8,0.6612,0.0,0.3,0.638,12.7,21.5,13.7,14.1,4.00303,3.878733,7.92911,2.07,7.92911,0.77,0.77,1.0,0.23,0.0,50.0,0,76
Milos Uzan,Houston,B12,PG,6-4,76,210.0,Jr,2025,40.0,1241.6,77.6,11.375,97.7,120.7,20.1,0.5542,0.428,0.3,0.783,1.3,10.3,25.9,14.4,4.32443,3.8763449999999997,7.92115,2.66,7.92115,0.98,0.98,1.0,0.02,0.0,50.0,0,77
Malik Reneau,Indiana,B10,WI,6-9,81,147.0,Jr,2025,26.0,488.8,47.0,13.3462,97.7,114.1,27.1,0.5886,0.125,0.3,0.733,8.3,18.7,19.2,14.5,3.33701,3.876318,7.92106,1.05,7.92106,1.0,1.0,1.0,0.0,0.0,50.0,0,78
Sion James,Duke,ACC,WI,6-6,78,124.0,Jr,2025,39.0,996.8,63.9,8.6154,97.7,127.8,17.1,0.6352,0.413,0.3,0.81,3.7,14.2,18.9,16.6,3.4505,3.869697,7.89899,2.13,7.89899,0.97,0.97,1.0,0.03,0.0,50.0,0,79
Trey Kaufman-Renn,Purdue,B10,WI,6-9,81,211.0,Jr,2025,36.0,1107.4,76.9,20.0833,97.7,118.1,31.1,0.6119,0.429,0.3,0.648,11.0,15.4,16.8,13.9,5.7416,3.864711,7.88237,2.36,7.88237,1.0,1.0,1.0,0.0,0.0,50.0,0,80
Derik Queen,Maryland,B10,PF,6-10,82,231.0,Fr,2025,36.0,1088.6,75.6,16.5,97.7,113.4,26.9,0.591,0.2,0.3,0.766,9.0,24.5,11.6,16.5,4.01232,3.8507909999999996,7.83597,2.3,7.83597,1.0,1.0,1.0,0.0,0.0,50.0,0,81
Norchad Omier,Baylor,B12,PF,6-7,79,157.0,Sr,2025,34.0,1063.5,78.2,15.7429,97.7,119.3,24.9,0.6214999999999999,0.29,0.3,0.75,14.5,25.5,10.2,18.0,5.17132,3.849573,7.83191,2.25,7.83191,0.98,0.98,1.0,0.02,0.0,50.0,0,82
Anthony Robinson II,Missouri,SEC,PU,6-3,75,210.0,So,2025,33.0,735.2,55.7,9.0303,97.8,120.5,21.3,0.6144,0.4,0.3,0.771,4.8,11.3,26.0,19.8,3.09657,3.841806,7.80602,1.55,7.80602,0.99,0.99,1.0,0.01,0.0,50.0,0,83
Viktor Lakhin,Clemson,ACC,PF,6-11,83,154.0,Sr,2025,34.0,786.1,57.8,11.4118,97.8,114.6,25.8,0.5710999999999999,0.375,0.3,0.696,11.6,20.7,13.4,15.5,2.96622,3.822276,7.74092,1.64,7.74092,0.97,0.97,1.0,0.03,0.0,50.0,0,84
Oumar Ballo,Indiana,B10,C,7-0,84,176.0,Sr,2025,31.0,863.0,69.6,13.0,97.9,114.5,22.8,0.6179,0.0,0.3,0.571,12.2,23.8,14.7,17.8,3.56321,3.8026109999999997,7.67537,1.79,7.67537,1.0,1.0,1.0,0.0,0.0,50.0,0,85
Andersson Garcia,Texas A&M,SEC,PF,6-7,79,210.0,Sr,2025,34.0,824.2,60.6,6.0882,97.9,122.6,13.4,0.6069,0.386,0.3,0.696,10.2,18.3,12.1,19.5,2.47909,3.7713419999999998,7.57114,1.68,7.57114,0.99,0.99,1.0,0.01,0.0,50.0,0,86
Tyson Degenhart,Boise St.,MWC,WI,6-8,80,214.0,Sr,2025,36.0,1216.8,84.5,18.2703,97.9,126.8,23.8,0.6325999999999999,0.349,0.3,0.794,7.4,15.3,10.3,10.7,5.61586,3.769116,7.56372,2.48,7.56372,0.75,0.75,1.0,0.25,0.0,50.0,0,87
Sean Pedulla,Mississippi,SEC,PG,6-1,73,113.0,Sr,2025,36.0,1172.2,81.4,15.4167,98.0,112.0,23.6,0.5804,0.392,0.3,0.825,1.5,10.9,22.7,15.1,3.98894,3.759069,7.53023,2.38,7.53023,0.99,0.99,1.0,0.01,0.0,50.0,0,88
Carter Bryant,Arizona,B12,PF,6-8,80,210.0,Fr,2025,37.0,710.4,48.0,6.5405,98.0,113.9,16.0,0.5931000000000001,0.371,0.3,0.695,5.3,17.8,8.3,18.5,1.72268,3.756876,7.52292,1.44,7.52292,0.98,0.98,1.0,0.02,0.0,50.0,0,89
Steven Crowl,Wisconsin,B10,PF,7-0,84,210.0,Sr,2025,37.0,944.2,63.8,9.8649,98.0,122.2,19.2,0.6297,0.416,0.3,0.821,6.6,16.6,18.2,16.7,3.3291,3.755028,7.51676,1.92,7.51676,1.0,1.0,1.0,0.0,0.0,50.0,0,90
Curtis Jones,Iowa St.,B12,G,6-4,76,210.0,Sr,2025,34.0,992.8,73.0,17.3824,98.0,117.3,25.4,0.5690999999999999,0.374,0.3,0.845,1.8,14.5,15.2,10.5,4.32427,3.7510169999999996,7.50339,2.01,7.50339,0.98,0.98,1.0,0.02,0.0,50.0,0,91
Chaz Lanier,Tennessee,SEC,WI,6-5,77,210.0,Sr,2025,38.0,1191.7,78.4,18.0,98.0,115.5,24.9,0.5597,0.395,0.3,0.758,2.0,12.1,7.8,8.8,4.3051,3.749022,7.49674,2.41,7.49674,0.99,0.99,1.0,0.01,0.0,50.0,0,92
Samson Johnson,Connecticut,BE,C,6-10,82,121.0,Sr,2025,34.0,629.7,46.3,7.4706,98.0,132.1,16.2,0.7709,0.0,0.3,0.76,9.2,13.3,10.5,21.0,2.67615,3.7461029999999997,7.48701,1.27,7.48701,0.88,0.88,1.0,0.12,0.0,50.0,0,93
Mitchell Saxen,Saint Mary's,WCC,PF,6-10,82,228.0,Sr,2025,34.0,1026.8,75.5,10.8,98.0,116.1,20.9,0.55,0.5,0.3,0.515,15.5,15.7,11.3,14.0,3.13223,3.737742,7.45914,2.07,7.45914,0.82,0.82,1.0,0.18,0.0,50.0,0,94
Mason Falslev,Utah St.,MWC,G,6-3,75,189.0,So,2025,33.0,1081.1,81.9,14.9706,98.1,113.3,23.6,0.565,0.381,0.3,0.579,4.9,18.9,21.7,16.0,3.73631,3.726441,7.42147,2.17,7.42147,0.75,0.75,1.0,0.25,0.0,50.0,0,95
Justin Abson,Georgia,SEC,C,6-9,81,210.0,Jr,2025,28.0,225.1,20.1,2.2143,98.1,116.3,14.2,0.5581,0.2,0.3,0.611,10.5,15.0,14.2,18.6,0.74716,3.716631,7.38877,0.45,7.38877,0.99,0.99,1.0,0.01,0.0,50.0,0,96
Flory Bidunga,Kansas,B12,C,6-9,81,210.0,Fr,2025,34.0,548.1,40.3,5.8824,98.1,122.2,15.8,0.6785,0.0,0.3,0.533,12.9,22.9,3.6,17.1,1.90162,3.714906,7.38302,1.09,7.38302,0.98,0.98,1.0,0.02,0.0,50.0,0,97
Tamin Lipsey,Iowa St.,B12,PG,6-1,73,210.0,Jr,2025,34.0,1007.8,74.1,10.6471,98.1,117.6,17.6,0.5972999999999999,0.331,0.3,0.758,3.6,6.4,17.7,17.5,3.18012,3.713316,7.37772,2.01,7.37772,0.98,0.98,1.0,0.02,0.0,50.0,0,98
Trevin Knell,BYU,B12,G,6-5,77,210.0,Sr,2025,36.0,717.1,49.8,9.1667,98.1,127.3,17.9,0.6531999999999999,0.429,0.3,0.732,2.7,10.8,10.9,13.0,2.83093,3.7048859999999997,7.34962,1.42,7.34962,0.98,0.98,1.0,0.02,0.0,50.0,0,99
Quimari Peterson,East Tennessee St.,SC,PG,6-1,73,167.0,Sr,2025,30.0,1065.6,88.8,19.5312,98.1,118.5,27.4,0.5795,0.423,0.3,0.741,4.0,10.7,25.0,14.5,4.35404,3.70476,7.3492,2.11,7.3492,0.62,0.62,1.0,0.38,0.0,50.0,0,100
Fousseyni Traore,BYU,B12,PF,6-6,78,106.0,Sr,2025,36.0,610.6,42.4,8.6667,98.1,125.8,23.2,0.6679999999999999,0.25,0.3,0.823,13.5,22.9,14.7,18.2,2.85708,3.702636,7.34212,1.21,7.34212,0.98,0.98,1.0,0.02,0.0,50.0,0,101
Zvonimir Ivisic,Arkansas,SEC,PF,7-2,86,210.0,So,2025,35.0,645.4,46.1,8.5429,98.1,106.3,21.4,0.5991,0.376,0.3,0.724,4.8,20.1,8.1,19.5,1.60925,3.699462,7.33154,1.28,7.33154,0.99,0.99,1.0,0.01,0.0,50.0,0,102
Dawson Garcia,Minnesota,B10,PF,6-11,83,183.0,Sr,2025,32.0,1109.8,86.7,19.1875,98.1,116.5,26.0,0.5788,0.373,0.3,0.783,5.4,20.2,13.3,9.9,5.02478,3.697992,7.32664,2.2,7.32664,1.0,1.0,1.0,0.0,0.0,50.0,0,103
Rasheer Fleming,Saint Joseph's,A10,PF,6-9,81,173.0,Jr,2025,35.0,1086.4,77.6,14.6571,98.1,121.4,20.4,0.6381,0.39,0.3,0.743,7.6,22.8,8.5,14.2,3.62248,3.697422,7.32474,2.15,7.32474,0.77,0.77,1.0,0.23,0.0,50.0,0,104
Coen Carr,Michigan St.,B10,WI,6-6,78,136.0,So,2025,37.0,763.7,51.6,8.0811,98.1,122.5,16.7,0.647,0.333,0.3,0.701,8.7,11.2,4.9,14.6,2.43034,3.693921,7.31307,1.51,7.31307,1.0,1.0,1.0,0.0,0.0,50.0,0,105
Marques Warrick,Missouri,SEC,PG,6-3,75,210.0,Sr,2025,33.0,431.6,32.7,6.6364,98.1,133.0,19.8,0.624,0.456,0.3,0.805,2.7,5.3,18.1,8.4,2.30017,3.693771,7.31257,0.85,7.31257,0.99,0.99,1.0,0.01,0.0,50.0,0,106
Chase Hunter,Clemson,ACC,G,6-3,75,210.0,Sr,2025,34.0,1113.8,81.9,16.5,98.2,118.5,23.4,0.612,0.407,0.3,0.866,1.9,8.8,14.8,16.0,4.29769,3.689415,7.29805,2.19,7.29805,0.97,0.97,1.0,0.03,0.0,50.0,0,107
Thomas Sorber,Georgetown,BE,PF,6-10,82,150.0,Fr,2025,24.0,530.9,55.3,14.5,98.2,111.8,24.2,0.5802,0.162,0.3,0.724,9.5,21.9,15.6,17.4,3.3123,3.684219,7.28073,1.04,7.28073,0.88,0.88,1.0,0.12,0.0,50.0,0,108
Keanu Dawes,Utah,B12,WI,6-9,81,101.0,So,2025,31.0,539.4,43.5,8.3226,98.2,127.9,18.8,0.6870999999999999,0.343,0.3,0.756,11.6,25.5,10.3,16.4,2.7043,3.6835739999999997,7.27858,1.06,7.27858,0.98,0.98,1.0,0.02,0.0,50.0,0,109
Eric Dixon,Villanova,BE,WI,6-8,80,190.0,Sr,2025,35.0,1180.2,84.3,23.2857,98.2,116.7,32.9,0.5832999999999999,0.407,0.3,0.813,5.2,12.6,13.1,11.8,6.09047,3.680946,7.26982,2.32,7.26982,0.88,0.88,1.0,0.12,0.0,50.0,0,110
Labaron Philon,Alabama,SEC,PG,6-4,76,136.0,Fr,2025,37.0,907.2,61.3,10.5946,98.2,114.8,21.4,0.5494,0.315,0.3,0.767,3.8,9.3,24.9,17.2,3.07417,3.680211,7.26737,1.78,7.26737,0.99,0.99,1.0,0.01,0.0,50.0,0,111
Terrance Arceneaux,Houston,B12,WI,6-6,78,210.0,Jr,2025,40.0,800.0,50.0,6.475,98.2,114.3,17.0,0.5312,0.337,0.3,0.729,5.6,10.4,6.6,12.1,1.93891,3.675993,7.25331,1.57,7.25331,0.98,0.98,1.0,0.02,0.0,50.0,0,112
Donovan Dent,New Mexico,MWC,PU,6-2,74,263.0,Jr,2025,34.0,1207.7,88.8,20.4286,98.2,112.7,28.9,0.5679,0.4,0.3,0.784,1.1,6.2,35.7,16.5,4.98358,3.671805,7.23935,2.36,7.23935,0.75,0.75,1.0,0.25,0.0,50.0,0,113
Kobe Johnson,UCLA,B10,WI,6-6,78,210.0,Sr,2025,34.0,986.0,72.5,7.9412,98.2,116.0,16.1,0.5753,0.362,0.3,0.704,7.5,18.4,17.8,19.1,2.54642,3.665433,7.21811,1.92,7.21811,1.0,1.0,1.0,0.0,0.0,50.0,0,114
Stevie Mitchell,Marquette,BE,G,6-2,74,160.0,Sr,2025,34.0,918.0,67.5,10.6765,98.2,119.6,19.3,0.564,0.358,0.3,0.729,7.1,10.3,10.4,9.6,3.28586,3.664929,7.21643,1.79,7.21643,0.88,0.88,1.0,0.12,0.0,50.0,0,115
Jordan Geronimo,Maryland,B10,WI,6-6,78,210.0,Sr,2025,30.0,243.6,20.3,2.4667,98.2,113.1,13.7,0.5539000000000001,0.25,0.3,0.5,11.5,15.3,2.8,15.6,0.632458,3.659625,7.19875,0.47,7.19875,1.0,1.0,1.0,0.0,0.0,50.0,0,116
RJ Luis Jr.,St. John's,BE,WI,6-6,78,237.0,Jr,2025,35.0,1068.2,76.3,18.2,98.2,108.7,27.6,0.5251,0.336,0.3,0.747,7.0,17.0,12.3,14.1,3.65402,3.659613,7.19871,2.08,7.19871,0.88,0.88,1.0,0.12,0.0,50.0,0,117
AK Okereke,Cornell,Ivy,WI,6-7,79,148.0,Jr,2025,27.0,711.7,65.9,13.8966,98.3,125.9,25.3,0.6601,0.327,0.3,0.793,5.6,14.6,28.6,16.7,3.88744,3.654861,7.18287,1.38,7.18287,0.72,0.72,1.0,0.28,0.0,50.0,0,118
Pharrel Payne,Texas A&M,SEC,C,6-9,81,150.0,Jr,2025,34.0,678.6,49.9,10.3529,98.3,119.1,23.2,0.6368,0.0,0.3,0.582,13.6,14.2,5.0,15.9,2.96037,3.635376,7.11792,1.3,7.11792,0.99,0.99,1.0,0.01,0.0,50.0,0,119
J'Wan Roberts,Houston,B12,C,6-8,80,124.0,Sr,2025,37.0,1021.2,69.0,10.6216,98.3,108.8,21.7,0.5112,0.0,0.3,0.625,9.9,15.7,11.5,15.3,3.06679,3.635199,7.11733,1.96,7.11733,0.98,0.98,1.0,0.02,0.0,50.0,0,120
Ian Schieffelin,Clemson,ACC,PF,6-8,80,164.0,Sr,2025,34.0,1109.8,81.6,12.4412,98.3,120.9,20.6,0.5743,0.341,0.3,0.741,11.2,22.4,15.1,14.5,4.09996,3.6306749999999997,7.10225,2.13,7.10225,0.97,0.97,1.0,0.03,0.0,50.0,0,121
Ryan Nembhard,Gonzaga,WCC,PU,6-0,72,210.0,Sr,2025,35.0,1215.2,86.8,10.5429,98.3,119.5,20.1,0.547,0.404,0.3,0.77,1.0,8.3,41.5,19.9,4.13845,3.6260999999999997,7.087,2.33,7.087,0.82,0.82,1.0,0.18,0.0,50.0,0,122
Chaney Johnson,Auburn,SEC,WI,6-7,79,115.0,Sr,2025,38.0,889.2,58.5,9.0789,98.3,122.1,17.8,0.6145,0.294,0.3,0.704,7.9,15.7,9.9,14.6,3.0822,3.620889,7.06963,1.7,7.06963,0.99,0.99,1.0,0.01,0.0,50.0,0,123
Keba Keita,BYU,B12,C,6-8,80,141.0,Jr,2025,35.0,702.8,50.2,7.4286,98.4,125.9,16.9,0.6321,0.0,0.3,0.411,16.5,27.1,5.9,13.2,2.76144,3.613251,7.04417,1.34,7.04417,0.98,0.98,1.0,0.02,0.0,50.0,0,124
Marcus Williams,San Francisco,WCC,PG,6-2,74,105.0,Sr,2025,30.0,814.8,67.9,15.129,98.4,114.1,24.8,0.5954999999999999,0.412,0.3,0.738,2.2,11.3,28.8,17.8,3.42881,3.613107,7.04369,1.55,7.04369,0.82,0.82,1.0,0.18,0.0,50.0,0,125
Jaemyn Brakefield,Mississippi,SEC,WI,6-8,80,119.0,Sr,2025,36.0,832.3,57.8,11.0556,98.4,117.8,23.0,0.604,0.351,0.3,0.732,6.5,14.9,15.7,13.1,3.28404,3.607878,7.02626,1.58,7.02626,0.99,0.99,1.0,0.01,0.0,50.0,0,126
KeShawn Murphy,Mississippi St.,SEC,C,6-10,82,165.0,Jr,2025,34.0,807.8,59.4,11.7059,98.4,114.7,23.6,0.5834,0.148,0.3,0.619,10.4,23.7,13.2,15.5,2.99607,3.586788,6.95596,1.52,6.95596,0.99,0.99,1.0,0.01,0.0,50.0,0,127
Brice Williams,Nebraska,B10,WI,6-7,79,125.0,Sr,2025,35.0,1176.0,84.0,20.3714,98.4,115.4,27.6,0.6087,0.37,0.3,0.883,1.9,11.4,18.1,14.6,4.94438,3.581757,6.93919,2.2,6.93919,1.0,1.0,1.0,0.0,0.0,50.0,0,128
Eric Dailey Jr.,UCLA,B10,WI,6-8,80,210.0,So,2025,33.0,753.7,57.1,11.3939,98.5,118.6,22.1,0.5932999999999999,0.378,0.3,0.721,6.4,14.9,11.9,11.6,3.0822,3.564372,6.88124,1.4,6.88124,1.0,1.0,1.0,0.0,0.0,50.0,0,129
"Paul McNeil, Jr.",N.C. State,ACC,WI,6-5,77,210.0,Fr,2025,24.0,160.3,16.7,4.2083,98.6,123.8,23.9,0.5813,0.356,0.3,0.76,9.2,9.0,20.1,8.6,1.25945,3.536259,6.78753,0.29,6.78753,0.97,0.97,1.0,0.03,0.0,50.0,0,130
Zach Hicks,Penn St.,B10,WI,6-8,80,210.0,Sr,2025,31.0,983.3,79.3,11.6129,98.6,128.2,14.7,0.6492,0.413,0.3,0.8,3.1,15.0,11.0,10.9,3.66663,3.521664,6.73888,1.79,6.73888,1.0,1.0,1.0,0.0,0.0,50.0,0,131
Brenen Lorient,North Texas,Amer,PF,6-9,81,103.0,Jr,2025,34.0,854.1,62.8,11.6944,98.6,116.2,25.6,0.6159,0.5,0.3,0.722,8.2,17.1,13.5,17.1,2.97774,3.507552,6.69184,1.54,6.69184,0.79,0.79,1.0,0.21,0.0,50.0,0,132
Quincy Ballard,Wichita St.,Amer,C,6-11,83,155.0,Sr,2025,32.0,848.6,66.3,9.9697,98.6,140.0,13.5,0.7228,0.0,0.3,0.537,11.8,23.3,2.0,8.7,3.8956,3.506442,6.68814,1.53,6.68814,0.79,0.79,1.0,0.21,0.0,50.0,0,133
James Scott,Louisville,ACC,C,6-11,83,133.0,So,2025,35.0,823.2,58.8,7.0571,98.7,129.3,14.0,0.7026,0.167,0.3,0.435,10.2,18.8,10.9,17.5,2.77343,3.505524,6.68508,1.49,6.68508,0.97,0.97,1.0,0.03,0.0,50.0,0,134
Morez Johnson Jr.,Illinois,B10,C,6-9,81,106.0,Fr,2025,30.0,450.0,37.5,6.9667,98.7,127.3,17.8,0.644,0.0,0.3,0.618,17.3,22.5,2.7,13.6,2.50823,3.4955249999999998,6.65175,0.81,6.65175,1.0,1.0,1.0,0.0,0.0,50.0,0,135
Tyler Bilodeau,UCLA,B10,WI,6-9,81,210.0,Jr,2025,33.0,847.4,64.2,13.5152,98.7,115.8,23.8,0.5737,0.4,0.3,0.717,6.7,15.2,11.6,11.1,3.42113,3.489858,6.63286,1.52,6.63286,1.0,1.0,1.0,0.0,0.0,50.0,0,136
Rashaun Agee,USC,B10,PF,6-8,80,111.0,Sr,2025,34.0,661.0,48.6,9.4118,98.7,121.3,21.3,0.6416,0.391,0.3,0.741,10.1,17.6,10.0,14.7,2.77117,3.4862580000000003,6.62086,1.18,6.62086,1.0,1.0,1.0,0.0,0.0,50.0,0,137
Skyy Clark,UCLA,B10,G,6-3,75,210.0,Jr,2025,34.0,894.9,65.8,8.4706,98.7,120.1,16.3,0.5959,0.397,0.3,0.778,3.5,9.9,18.2,15.7,2.7161,3.485607,6.61869,1.6,6.61869,1.0,1.0,1.0,0.0,0.0,50.0,0,138
Malik Thomas,San Francisco,WCC,G,6-5,77,155.0,Sr,2025,33.0,1023.0,77.5,19.8824,98.7,115.1,28.5,0.59,0.394,0.3,0.851,2.1,12.0,14.6,12.8,4.3262,3.468774,6.56258,1.81,6.56258,0.82,0.82,1.0,0.18,0.0,50.0,0,139
Tre Carroll,Florida Atlantic,Amer,PF,6-7,79,152.0,Jr,2025,33.0,728.6,55.2,12.2059,98.8,117.8,25.0,0.5992999999999999,0.379,0.3,0.776,8.4,16.8,14.9,13.7,2.79547,3.437238,6.45746,1.27,6.45746,0.79,0.79,1.0,0.21,0.0,50.0,0,140
Ven-Allen Lubin,North Carolina,ACC,C,6-8,80,158.0,Jr,2025,37.0,719.3,48.6,8.7027,98.8,130.2,17.8,0.6937000000000001,0.0,0.3,0.711,11.4,20.2,2.9,13.2,2.9374,3.432852,6.44284,1.25,6.44284,0.97,0.97,1.0,0.03,0.0,50.0,0,141
Mikey Lewis,Saint Mary's,WCC,G,6-3,75,210.0,Fr,2025,34.0,542.6,39.9,8.2,98.9,109.6,24.2,0.5264,0.377,0.3,0.704,2.1,9.9,8.1,12.4,1.52398,3.417135,6.39045,0.94,6.39045,0.82,0.82,1.0,0.18,0.0,50.0,0,142
Nick Davidson,Nevada,MWC,PF,6-9,81,134.0,Jr,2025,33.0,1087.7,82.4,15.7879,98.9,115.9,24.9,0.598,0.371,0.3,0.699,7.1,17.4,17.7,14.2,4.24823,3.416157,6.38719,1.88,6.38719,0.75,0.75,1.0,0.25,0.0,50.0,0,143
Nolan Hickman,Gonzaga,WCC,G,6-2,74,210.0,Sr,2025,35.0,1029.0,73.5,10.9143,98.9,125.6,14.8,0.6267,0.445,0.3,0.931,1.8,7.1,11.7,11.8,3.17268,3.412566,6.37522,1.77,6.37522,0.82,0.82,1.0,0.18,0.0,50.0,0,144
Alex Karaban,Connecticut,BE,PF,6-8,80,113.0,Jr,2025,33.0,1100.9,83.4,14.303,98.9,122.0,19.6,0.5686,0.347,0.3,0.828,5.9,12.1,14.5,11.5,4.54304,3.395499,6.31833,1.88,6.31833,0.88,0.88,1.0,0.12,0.0,50.0,0,145
Zach Freemantle,Xavier,BE,PF,6-9,81,149.0,Sr,2025,31.0,864.3,69.7,16.8387,99.0,112.3,26.0,0.5844,0.3,0.3,0.752,6.9,19.7,14.9,12.5,3.82633,3.384207,6.28069,1.47,6.28069,0.88,0.88,1.0,0.12,0.0,50.0,0,146
Maxime Raynaud,Stanford,ACC,PF,7-1,85,153.0,Sr,2025,35.0,1173.2,83.8,20.2,99.0,110.1,30.3,0.5582,0.347,0.3,0.77,9.4,28.7,11.9,14.2,4.42415,3.374433,6.24811,1.98,6.24811,0.97,0.97,1.0,0.03,0.0,50.0,0,147
Jack Clark,VCU,A10,PF,6-10,82,210.0,Sr,2025,34.0,981.9,72.2,9.6571,99.0,127.8,16.0,0.6135,0.358,0.3,0.791,6.9,19.9,12.8,13.8,3.27114,3.37077,6.2359,1.65,6.2359,0.77,0.77,1.0,0.23,0.0,50.0,0,148
B.J. Edwards,SMU,ACC,PG,6-3,75,130.0,Jr,2025,35.0,1030.4,73.6,9.8857,99.1,111.2,19.0,0.5359,0.341,0.3,0.716,4.2,13.3,21.4,18.8,2.32742,3.3528149999999997,6.17605,1.72,6.17605,0.97,0.97,1.0,0.03,0.0,50.0,0,149
Augustas Marciulionis,Saint Mary's,WCC,PU,6-4,76,144.0,Sr,2025,34.0,1191.4,87.6,14.2,99.1,117.4,23.0,0.5482,0.338,0.3,0.793,1.2,9.4,32.9,16.9,4.16544,3.352515,6.17505,1.99,6.17505,0.82,0.82,1.0,0.18,0.0,50.0,0,150
Tre White,Illinois,B10,WI,6-7,79,108.0,Jr,2025,32.0,678.4,53.0,10.4688,99.1,123.5,18.6,0.6125,0.329,0.3,0.824,6.9,17.4,6.0,12.8,3.13866,3.346533,6.15511,1.13,6.15511,1.0,1.0,1.0,0.0,0.0,50.0,0,151
Johnny O'Neil,Santa Clara,WCC,PF,6-10,82,210.0,Sr,2025,34.0,738.5,54.3,7.9118,99.1,113.5,17.7,0.5845,0.396,0.3,0.778,6.1,22.3,11.0,18.7,1.6299,3.33099,6.1033,1.22,6.1033,0.82,0.82,1.0,0.18,0.0,50.0,0,152
Isaiah Evans,Duke,ACC,WI,6-6,78,210.0,Fr,2025,36.0,457.9,31.8,6.8333,99.1,123.7,19.4,0.6206,0.416,0.3,0.813,1.0,7.9,6.4,10.0,1.83526,3.326187,6.08729,0.75,6.08729,0.97,0.97,1.0,0.03,0.0,50.0,0,153
Kobe Sanders,Nevada,MWC,PG,6-9,81,210.0,Sr,2025,33.0,1037.5,78.6,15.8485,99.1,115.7,27.2,0.5719,0.342,0.3,0.795,2.7,12.6,29.9,13.2,4.39489,3.322923,6.07641,1.7,6.07641,0.75,0.75,1.0,0.25,0.0,50.0,0,154
Tyrese Proctor,Duke,ACC,G,6-6,78,210.0,Jr,2025,38.0,1108.1,72.9,12.3684,99.1,121.3,18.7,0.5866,0.405,0.3,0.68,2.0,9.0,12.9,11.3,3.65396,3.320274,6.06758,1.82,6.06758,0.97,0.97,1.0,0.03,0.0,50.0,0,155
Christoph Tilly,Santa Clara,WCC,PF,7-0,84,177.0,Jr,2025,31.0,632.4,51.0,12.4516,99.2,117.8,25.5,0.6228,0.315,0.3,0.771,8.4,16.2,16.1,17.6,2.92154,3.289152,5.96384,1.02,5.96384,0.82,0.82,1.0,0.18,0.0,50.0,0,156
Dailyn Swain,Xavier,BE,WI,6-7,79,173.0,So,2025,34.0,961.5,70.7,10.9706,99.3,114.6,19.8,0.6036,0.25,0.3,0.817,4.5,18.5,17.6,16.5,2.92687,3.272748,5.90916,1.53,5.90916,0.88,0.88,1.0,0.12,0.0,50.0,0,157
Tyeree Bryan,Santa Clara,WCC,WI,6-5,77,210.0,Sr,2025,32.0,812.8,63.5,10.4375,99.3,126.7,16.4,0.6001,0.429,0.3,0.653,6.8,11.5,10.0,9.6,3.02994,3.2627819999999996,5.87594,1.29,5.87594,0.82,0.82,1.0,0.18,0.0,50.0,0,158
Kario Oquendo,SMU,ACC,WI,6-4,76,210.0,Jr,2025,35.0,823.2,58.8,11.1714,99.4,126.9,18.4,0.6451,0.423,0.3,0.814,2.6,12.9,7.9,12.6,3.06557,3.238143,5.79381,1.29,5.79381,0.97,0.97,1.0,0.03,0.0,50.0,0,159
Enoch Cheeks,Dayton,A10,WI,6-3,75,101.0,Sr,2025,33.0,1098.2,83.2,13.2424,99.4,117.2,19.0,0.5981000000000001,0.355,0.3,0.802,4.6,17.5,11.9,13.7,3.3938,3.21303,5.7101,1.69,5.7101,0.77,0.77,1.0,0.23,0.0,50.0,0,160
RJ Davis,North Carolina,ACC,G,6-0,72,132.0,Sr,2025,37.0,1258.0,85.0,17.2162,99.4,116.1,23.8,0.5565,0.354,0.3,0.873,1.1,9.8,19.4,10.7,4.53738,3.211977,5.70659,1.94,5.70659,0.97,0.97,1.0,0.03,0.0,50.0,0,161
Zeb Jackson,VCU,A10,G,6-5,77,210.0,Sr,2025,29.0,559.1,48.2,10.8333,99.4,115.1,24.2,0.5453,0.319,0.3,0.882,4.8,13.0,17.7,14.8,2.67765,3.208353,5.69451,0.86,5.69451,0.77,0.77,1.0,0.23,0.0,50.0,0,162
Chase Ross,Marquette,BE,G,6-4,76,110.0,Jr,2025,34.0,1024.1,75.3,10.5294,99.5,115.3,17.7,0.5866,0.365,0.3,0.754,4.1,10.7,12.1,15.8,2.91001,3.2029680000000003,5.67656,1.57,5.67656,0.88,0.88,1.0,0.12,0.0,50.0,0,163
Anthony Leal,Indiana,B10,PG,6-5,77,210.0,Sr,2025,26.0,441.0,42.4,3.2692,99.5,123.6,8.9,0.6543000000000001,0.412,0.3,0.619,3.8,11.8,14.0,20.3,1.57762,3.200778,5.66926,0.68,5.66926,1.0,1.0,1.0,0.0,0.0,50.0,0,164
Matt Cross,SMU,ACC,PF,6-7,79,210.0,Sr,2025,34.0,972.4,71.5,11.7647,99.5,118.5,19.1,0.5948,0.382,0.3,0.703,9.5,19.2,10.1,16.6,3.14465,3.200277,5.66759,1.49,5.66759,0.97,0.97,1.0,0.03,0.0,50.0,0,165
Obi Agbim,Wyoming,MWC,PG,6-3,75,210.0,Jr,2025,28.0,875.8,78.2,17.5862,99.5,114.0,24.9,0.5891,0.433,0.3,0.773,1.3,10.1,23.6,15.6,3.98508,3.1991069999999997,5.66369,1.34,5.66369,0.75,0.75,1.0,0.25,0.0,50.0,0,166
Malique Ewin,Florida St.,ACC,C,6-10,82,208.0,So,2025,30.0,733.2,61.1,14.2333,99.5,116.1,26.4,0.6109,0.0,0.3,0.653,13.7,19.6,15.5,15.9,3.50148,3.18843,5.6281,1.11,5.6281,0.97,0.97,1.0,0.03,0.0,50.0,0,167
Keeshawn Barthelemy,Oregon,B10,PG,6-1,73,210.0,Sr,2025,35.0,963.2,68.8,10.0,99.5,117.5,17.5,0.5611,0.414,0.3,0.886,2.2,7.1,16.5,11.7,2.92852,3.185031,5.61677,1.46,5.61677,1.0,1.0,1.0,0.0,0.0,50.0,0,168
Josh Cohen,USC,B10,PF,6-10,82,210.0,Sr,2025,33.0,388.1,29.4,5.8788,99.5,123.1,22.3,0.6356,0.167,0.3,0.732,11.0,13.8,17.0,14.4,1.91406,3.179328,5.59776,0.59,5.59776,1.0,1.0,1.0,0.0,0.0,50.0,0,169
Mason Gillis,Duke,ACC,PF,6-6,78,210.0,Sr,2025,37.0,518.0,35.0,4.1081,99.5,124.5,13.7,0.5761,0.34,0.3,0.826,5.9,13.8,8.7,12.1,1.50349,3.1784099999999995,5.5947,0.78,5.5947,0.97,0.97,1.0,0.03,0.0,50.0,0,170
Jae'Lyn Withers,North Carolina,ACC,PF,6-9,81,210.0,Sr,2025,37.0,642.3,43.4,6.4595,99.5,116.7,16.8,0.627,0.443,0.3,0.714,5.6,22.9,6.9,16.7,1.68254,3.1768859999999997,5.58962,0.97,5.58962,0.97,0.97,1.0,0.03,0.0,50.0,0,171
Ian Martinez,Utah St.,MWC,G,6-3,75,210.0,Sr,2025,33.0,983.4,74.5,16.3824,99.6,120.1,25.0,0.5943999999999999,0.348,0.3,0.874,3.4,10.6,17.1,14.0,4.38651,3.1644930000000002,5.54831,1.47,5.54831,0.75,0.75,1.0,0.25,0.0,50.0,0,172
PJ Haggerty,Memphis,Amer,G,6-3,75,197.0,So,2025,35.0,1268.4,90.6,21.6857,99.6,113.2,28.2,0.5828,0.364,0.3,0.818,3.7,13.7,20.4,17.9,4.68795,3.14862,5.4954,1.88,5.4954,0.79,0.79,1.0,0.21,0.0,50.0,0,173
Nelly Joseph,New Mexico,MWC,C,6-9,81,255.0,Sr,2025,34.0,1069.0,78.6,14.1714,99.6,110.9,22.1,0.5895,0.0,0.3,0.648,10.8,27.7,7.4,17.3,3.15623,3.1416899999999996,5.4723,1.58,5.4723,0.75,0.75,1.0,0.25,0.0,50.0,0,174
Ryan Conwell,Xavier,BE,G,6-3,75,111.0,Jr,2025,34.0,1113.8,81.9,16.5294,99.6,116.0,22.1,0.6181,0.412,0.3,0.828,1.0,8.8,14.9,12.8,3.94353,3.137727,5.45909,1.64,5.45909,0.88,0.88,1.0,0.12,0.0,50.0,0,175
Miles Rubin,Loyola Chicago,A10,C,6-10,82,170.0,So,2025,36.0,861.1,59.8,9.5946,99.7,117.6,18.3,0.6844,0.0,0.3,0.476,8.3,18.8,11.6,19.8,2.15018,3.1033799999999996,5.3446,1.24,5.3446,0.77,0.77,1.0,0.23,0.0,50.0,0,176
Wooga Poplar,Villanova,BE,WI,6-5,77,140.0,Sr,2025,36.0,1144.8,79.5,15.25,99.7,113.2,24.1,0.5844,0.387,0.3,0.856,3.4,22.5,9.7,14.8,3.68735,3.101427,5.33809,1.65,5.33809,0.88,0.88,1.0,0.12,0.0,50.0,0,177
Amael L'Etang,Dayton,A10,PF,7-1,85,210.0,Fr,2025,33.0,545.2,41.3,7.0882,99.8,114.9,22.0,0.5898,0.339,0.3,0.662,9.6,20.4,15.3,15.9,1.80897,3.091644,5.30548,0.78,5.30548,0.77,0.77,1.0,0.23,0.0,50.0,0,178
Micah Peavy,Georgetown,BE,WI,6-8,80,179.0,Sr,2025,32.0,1114.9,87.1,17.1875,99.8,108.3,24.5,0.552,0.4,0.3,0.659,5.0,13.2,19.9,16.8,3.54081,3.082326,5.27442,1.59,5.27442,0.88,0.88,1.0,0.12,0.0,50.0,0,179
Hassan Diarra,Connecticut,BE,PU,6-2,74,210.0,Sr,2025,35.0,961.8,68.7,7.7429,99.8,115.2,20.6,0.5367000000000001,0.287,0.3,0.84,6.1,10.0,35.4,23.2,2.95526,3.066105,5.22035,1.36,5.22035,0.88,0.88,1.0,0.12,0.0,50.0,0,180
Solo Ball,Connecticut,BE,WI,6-3,75,210.0,So,2025,35.0,1094.8,78.2,14.4286,99.8,124.1,19.4,0.6015,0.414,0.3,0.841,2.8,11.0,9.8,10.1,4.15591,3.0654719999999998,5.21824,1.54,5.21824,0.88,0.88,1.0,0.12,0.0,50.0,0,181
Reyne Smith,Louisville,ACC,WI,6-2,74,210.0,Sr,2025,31.0,832.0,67.1,13.0968,99.8,123.7,16.9,0.5924,0.379,0.3,0.944,1.7,8.5,4.7,7.3,3.48425,3.056751,5.18917,1.17,5.18917,0.97,0.97,1.0,0.03,0.0,50.0,0,182
Khalif Battle,Gonzaga,WCC,WI,6-5,77,118.0,Sr,2025,35.0,929.6,66.4,13.5714,99.9,115.9,21.7,0.5987,0.347,0.3,0.932,1.7,13.3,8.8,14.3,3.03287,3.046908,5.15636,1.29,5.15636,0.82,0.82,1.0,0.18,0.0,50.0,0,183
Aaron Scott,St. John's,BE,WI,6-7,79,210.0,Sr,2025,36.0,964.8,67.0,8.4167,99.9,115.8,14.7,0.5051,0.293,0.3,0.81,7.2,9.7,5.9,9.1,2.02648,3.046863,5.15621,1.34,5.15621,0.88,0.88,1.0,0.12,0.0,50.0,0,184
Joe Bamisile,VCU,A10,WI,6-4,76,166.0,Sr,2025,34.0,911.2,67.0,14.9714,99.9,104.8,29.3,0.5448,0.32,0.3,0.64,6.9,14.2,15.9,19.2,2.60526,3.0229559999999998,5.07652,1.25,5.07652,0.77,0.77,1.0,0.23,0.0,50.0,0,185
Nate Kingz,Oregon St.,WCC,G,6-5,77,210.0,Sr,2025,30.0,771.6,64.3,11.7742,100.1,131.1,17.7,0.6531999999999999,0.444,0.3,0.813,3.1,8.3,12.3,10.4,3.63212,2.973894,4.91298,1.02,4.91298,0.82,0.82,1.0,0.18,0.0,50.0,0,186
Melvin Council Jr.,St. Bonaventure,A10,G,6-4,76,185.0,Jr,2025,33.0,1230.2,93.2,14.6176,100.2,107.2,23.7,0.505,0.298,0.3,0.819,3.4,14.5,23.5,12.4,2.91607,2.931876,4.77292,1.59,4.77292,0.77,0.77,1.0,0.23,0.0,50.0,0,187
Dain Dainja,Memphis,Amer,C,6-9,81,230.0,Sr,2025,35.0,940.8,67.2,14.5714,100.3,109.2,26.2,0.6151,0.0,0.3,0.586,11.9,18.3,13.1,21.9,2.7985,2.875317,4.58439,1.16,4.58439,0.79,0.79,1.0,0.21,0.0,50.0,0,188
Baba Miller,Florida Atlantic,Amer,PF,6-11,83,121.0,Jr,2025,33.0,988.7,74.9,11.2941,100.4,111.1,19.8,0.5777,0.348,0.3,0.635,5.5,19.5,16.3,17.9,2.30956,2.852922,4.50974,1.2,4.50974,0.79,0.79,1.0,0.21,0.0,50.0,0,189
Dillon Battie,Temple,Amer,C,6-8,80,210.0,Fr,2025,19.0,88.9,11.7,3.6,100.4,140.0,17.7,0.7062,0.2,0.3,0.714,11.7,15.0,4.5,4.4,1.36198,2.831259,4.43753,0.11,4.43753,0.79,0.79,1.0,0.21,0.0,50.0,0,190
Robbie Avila,Saint Louis,A10,PF,6-10,82,152.0,So,2025,30.0,951.6,79.3,17.2581,100.5,108.4,27.6,0.6048,0.357,0.3,0.764,4.1,18.2,23.7,20.8,3.60118,2.794434,4.31478,1.11,4.31478,0.77,0.77,1.0,0.23,0.0,50.0,0,191
Xzayvier Brown,Saint Joseph's,A10,G,6-2,74,179.0,So,2025,32.0,1050.9,82.1,17.5938,100.6,111.9,25.5,0.5660000000000001,0.35,0.3,0.897,2.2,13.6,24.4,16.9,3.89766,2.766648,4.22216,1.2,4.22216,0.77,0.77,1.0,0.23,0.0,50.0,0,192
Atin Wright,North Texas,Amer,G,6-1,73,210.0,Sr,2025,34.0,1037.7,76.3,15.1667,100.7,119.9,23.2,0.5839,0.401,0.3,0.94,2.0,8.1,5.1,9.8,3.67305,2.751348,4.17116,1.17,4.17116,0.79,0.79,1.0,0.21,0.0,50.0,0,193
Luke Bamgboye,VCU,A10,C,6-10,82,210.0,Fr,2025,34.0,572.6,42.1,3.8286,100.7,112.5,12.8,0.5788,0.0,0.3,0.486,11.0,10.4,4.7,19.7,0.749108,2.734617,4.11539,0.64,4.11539,0.77,0.77,1.0,0.23,0.0,50.0,0,194
Jared Billups,George Mason,A10,WI,6-4,76,210.0,Sr,2025,34.0,886.7,65.2,5.2353,100.7,111.0,12.7,0.5278,0.273,0.3,0.8,8.3,16.3,10.4,18.2,0.982963,2.7298470000000004,4.09949,0.98,4.09949,0.77,0.77,1.0,0.23,0.0,50.0,0,195
Tyrese Hunter,Memphis,Amer,G,6-0,72,116.0,Sr,2025,32.0,985.6,77.0,13.6562,100.8,111.1,20.2,0.5515,0.401,0.3,0.774,2.9,9.5,18.7,18.3,2.82841,2.6898720000000003,3.96624,1.06,3.96624,0.79,0.79,1.0,0.21,0.0,50.0,0,196
Sebastian Thomas,Rhode Island,A10,PU,6-1,73,151.0,Sr,2025,29.0,987.2,85.1,17.2069,100.8,109.1,26.8,0.5379999999999999,0.299,0.3,0.698,1.9,10.2,33.6,16.0,3.48901,2.6824380000000003,3.94146,1.05,3.94146,0.77,0.77,1.0,0.23,0.0,50.0,0,197
